Card_ID,Card_Name,Card_Rel,Card_Power,Card_Power_Add_Self,Card_Power_Add_Other,Card_Tres,Card_Order,Card_MainTxt,Card_FrebTxt,Card_Illsutrator,Card_ID_Str,Card_Yomi,Card_SameId
1,流浪の格闘家　シン,1,,0,0,,,,,,1,ルロウノカクトウカ　シン,流浪の格闘家シン
2,導きの僧侶　ピオンボ,1,,0,0,,,,,,2,ミチビキノソウリョ　ピオンボ,導きの僧侶ピオンボ
3,インディーズ・ゴリラ,1,,0,0,,,,,,3,インディーズ・ゴリラ,インディーズ・ゴリラ
4,案内人　カコミ,1,,0,0,,,,,,4,アンナイニン　カコミ,案内人カコミ
5,魔法使い,1,,0,0,,,,,,5,マホウツカイ,魔法使い
6,タツの娘　キリコ,1,,0,0,,,,,,6,タツノコ　キリコ,タツの娘キリコ
7,あああ姫,1,,0,0,,,,,,7,アアアヒメ,あああ姫
8,発明家,1,,0,0,,,,,,8,ハツメイカ,発明家
9,工作員,1,,0,0,,,,,,9,コウサクイン,工作員
10,魚拓bot　ムイムイ,1,,0,0,,,,,,10,ギョタクボット　ムイムイ,魚拓botムイムイ
11,竜の子,1,,0,0,,,,,,11,リュウノコ,竜の子
12,トライアングルの双子,1,,0,0,,,,,,12,トライアングルノフタゴ,トライアングルの双子
13,きのこスライム,1,,0,0,,,,,,13,キノコスライム,きのこスライム
14,ミミカンちゃん,1,,0,0,,,,,,14,ミミカンチャン,ミミカンちゃん
15,ラブドラゴン,1,,0,0,,,,,,15,ラブドラゴン,ラブドラゴン
16,海賊,1,,0,0,,,,,,16,カイゾク,海賊
17,ゴースト,1,,0,0,,,,,,17,ゴースト,ゴースト
18,旧人類　シエル,1,,0,0,,,,,,18,キュウジンルイ　シエル,旧人類シエル
19,荒野のサスライ研究員,1,,0,0,,,,,,19,コウヤノサスライケンキュウイン,荒野のサスライ研究員
20,ケショー人,1,,0,0,,,,,,20,ケショージン,ケショー人
21,ブシン人,1,,0,0,,,,,,21,ブシンジン,ブシン人
22,弐丁剣銃　アィリ,1,,0,0,,,,,,22,ニチョウケンジュウ　アィリ,弐丁剣銃アィリ
23,弐丁剣銃　ゼノ,1,,0,0,,,,,,23,ニチョウケンジュウ　ゼノ,弐丁剣銃ゼノ
24,大海賊　エアヴァ・クリシア,1,,0,0,,,,,,24,ダイカイゾク　エアヴァ・クリシア,大海賊エアヴァ・クリシア
25,父なる海,1,,0,0,,,,,,25,チチナルウミ,父なる海
26,まものつかい,1,,0,0,,,,,,26,マモノツカイ,まものつかい
27,地底探検家,1,,0,0,,,,,,27,チテイタンケンカ,地底探検家
28,刈人ヒマツリ,1,,0,0,,,,,,28,カリウドヒマツリ,刈人ヒマツリ
29,マザーシップ,1,,0,0,,,,,,29,マザーシップ,マザーシップ
30,ウルイス人,1,,0,0,,,,,,30,ウルイスジン,ウルイス人
31,蒸気駆動　マルシア,スターター,,0,0,,,,,,31,スチームパンク　マルシア,蒸気駆動マルシア
32,機電連動　シーナ,スターター,,0,0,,,,,,32,サイバーパンク　シーナ,機電連動シーナ
33,聖歌隊,2,,0,0,,,,,,33,セイカタイ,聖歌隊
34,旗振りの少女,2,,0,0,,,,,,34,ハタフリノショウジョ,旗振りの少女
35,手品師,2,,0,0,,,,,,35,テジナシ,手品師
36,悪魔ジシャン　トゥ=マニィ,2,,0,0,,,,,,36,アクマジシャン　トゥ=マニィ,悪魔ジシャントゥ=マニィ
37,性悪バニー　クイン・ラパン,2,,0,0,,,,,,37,ショウワルバニー　クイン・ラパン,性悪バニークイン・ラパン
38,仮面アイドル　三輝きらら,2,,0,0,,,,,,38,カメンアイドル　ミツキキララ,仮面アイドル三輝きらら
39,鉱石洞窟探検小隊長　コーリアン,2,,0,0,,,,,,39,コウセキドウクツタンケンショウタイチョウ　コーリアン,鉱石洞窟探検小隊長コーリアン
40,革進の技師　ニア,2,,0,0,,,,,,40,カクシンノギシ　ニア,革進の技師ニア
41,地底食房調理人　ボボドゥ,2,,0,0,,,,,,41,チテイショクボウチョウリニン　ボボドゥ,地底食房調理人ボボドゥ
42,輪廻団　ハァム,2,,0,0,,,,,,42,リンネダン　ハァム,輪廻団ハァム
43,輪廻団　フランケン・サボン,2,,0,0,,,,,,43,リンネダン　フランケン・サボン,輪廻団フランケン・サボン
44,輪廻団　ルリジュース・C・エル,2,,0,0,,,,,,44,リンネダン　ルリジュース・シー・エル,輪廻団ルリジュース・C・エル
45,研究者　プワゾン,2,,0,0,,,,,,45,ケンキュウシャ　プワゾン,研究者プワゾン
46,先導者　ダルク,2,,0,0,,,,,,46,センドウシャ　ダルク,先導者ダルク
47,ちび怪獣　フニル,2,,0,0,,,,,,47,チビカイジュウ　フニル,ちび怪獣フニル
48,少年採掘士　ハック,2,,0,0,,,,,,48,ショウネンサイクツシ　ハック,少年採掘士ハック
49,流れ渡る道化師　イルミナ,2,,0,0,,,,,,49,ナガレワタルドウケシ　イルミナ,流れ渡る道化師イルミナ
50,北方狼神　アマロック,2,,0,0,,,,,,50,ノルディック・ルプス　アマロック,北方狼神アマロック
51,逢馬　バイコーン,2,,0,0,,,,,,51,オウマ　バイコーン,逢馬バイコーン
52,”閃光”　カコミ・ヴィクトリアス,2,,0,0,,,,,,52,”リト・フラス”　カコミ・ヴィクトリアス,”閃光”カコミ・ヴィクトリアス
53,刈人フリズルシズル,2,,0,0,,,,,,53,カリウドフリズルシズル,刈人フリズルシズル
54,幽霊海賊　ナポレ・ジョーンズ,2,,0,0,,,,,,54,ユウレイカイゾク　ナポレ・ジョーンズ,幽霊海賊ナポレ・ジョーンズ
55,かにかにミミック,2,,0,0,,,,,,55,カニカニミミック,かにかにミミック
56,郵便配達員　メイ,2,,0,0,,,,,,56,ユウビンハイタツイン　メイ,郵便配達員メイ
57,S.R.M,2,,0,0,,,,,,57,ストレンジャーマン,S.R.M
58,アリッター,2,,0,0,,,,,,58,アリッター,アリッター
59,異端教徒,2,,0,0,,,,,,59,イタンキョウト,異端教徒
60,大司教＆天使,2,,0,0,,,,,,60,ダイシキョウアンドア・ラヴィール,大司教＆天使
61,タコわん！忍ドロイド,2,,0,0,,,,,,61,タコワン！ニンドロイド,タコわん！忍ドロイド
62,怪盗　ゼロサム=ディーモ,2,,0,0,,,,,,62,カイトウ　ゼロサム=ディーモ,怪盗ゼロサム=ディーモ
63,冥土の地図作家　ムンディー,2,,0,0,,,,,,63,メイドノチズサッカ　ムンディー,冥土の地図作家ムンディー
64,開窟探検英雄　アリス,2,,0,0,,,,,,64,カイクツタンケンエイユウ　アリス,開窟探検英雄アリス
65,輪廻団　レザー＆ボーン,2,,0,0,,,,,,65,リンネダン　レザーアンドボーン,輪廻団レザー＆ボーン
66,輪廻団　団長　スキュール,2,,0,0,,,,,,66,リンネダン　ダンチョウ　スキュール,輪廻団団長スキュール
67,付き人　ステラ,2,,0,0,,,,,,67,ツキビト　ステラ,付き人ステラ
68,大怪獣　ルルア,2,,0,0,,,,,,68,ダイカイジュウ　ルルア,大怪獣ルルア
69,ケショーモーグラー,2,,0,0,,,,,,69,ケショーモーグラー,ケショーモーグラー
70,マザースター,2,,0,0,,,,,,70,マザースター,マザースター
71,シュレリン,2,,0,0,,,,,,71,シュレリン,シュレリン
72,小さな子,2,,0,0,,,,,,72,チイサナコ,小さな子
73,《掻ッ喰ラウ顎人》　ディロ,3,,0,0,,,,,,73,《チャージ》　ディロ,《掻ッ喰ラウ顎人》ディロ
74,《手招ク耳人》　アンナ,3,,0,0,,,,,,74,《ファムファタ》　アンナ,《手招ク耳人》アンナ
75,《紡グ角人》　ムフロナ,3,,0,0,,,,,,75,《ギフト》　ムフロナ,《紡グ角人》ムフロナ
76,復縁の呪傑　タンヤン,3,,0,0,,,,,,76,フクエンノジュケツ　タンヤン,復縁の呪傑タンヤン
77,叛逆の呪傑　レイ,3,,0,0,,,,,,77,ハンギャクノジュケツ　レイ,叛逆の呪傑レイ
78,鎖蛇の呪傑　サラヌイ,3,,0,0,,,,,,78,サジャノジュケツ　サラヌイ,鎖蛇の呪傑サラヌイ
79,日暈隊　メラにゃん,3,,0,0,,,,,,79,ヒガサタイ　メラニャン,日暈隊メラにゃん
80,日暈隊　フレア,3,,0,0,,,,,,80,ヒガサタイ　フレア,日暈隊フレア
81,日暈隊　蛾ブレイル,3,,0,0,,,,,,81,ヒガサタイ　ガブレイル,日暈隊蛾ブレイル
82,蒼炎の契約者　シキ,3,,0,0,,,,,,82,サッフィルス・イグニス　シキ,蒼炎の契約者シキ
83,玩具の指揮官　ウー,3,,0,0,,,,,,83,トイ・コマンダー　ウー,玩具の指揮官ウー
84,十字架の死神　レオニエ,3,,0,0,,,,,,84,クロス・リーパー　レオニエ,十字架の死神レオニエ
85,水晶傀儡の女王　プリズマ,3,,0,0,,,,,,85,クリオネノジョオウ　プリズマ,水晶傀儡の女王プリズマ
86,自己愛の鬣犬　クラン,3,,0,0,,,,,,86,ナルシヅムノハイエナ　クラン,自己愛の鬣犬クラン
87,ドラゴン・イマジナ,3,,0,0,,,,,,87,ドラゴン・イマジナ,ドラゴン・イマジナ
88,DGA,3,,0,0,,,,,,88,ディージーエー ディフェンスグローバルエージェンシー,DGA
89,DGAニホン支部軍楽隊　錫原スズ,3,,0,0,,,,,,89,ディージーエー　ニホンシブグンガクタイ　スズハラスズ,DGAニホン支部軍楽隊錫原スズ
90,保安騎士団,3,,0,0,,,,,,90,ホアンキシダン,保安騎士団
91,堅牢の大楯使い　メルシエ,3,,0,0,,,,,,91,ケンロウノオオタテツカイ　メルシエ,堅牢の大楯使いメルシエ
92,自立梟型撮影機　ow-1,3,,0,0,,,,,,92,ジリツフクロウガタサツエイキ　オウル,自立梟型撮影機ow-1
93,《希望ノ人》　アップリケ,3,,0,0,,,,,,93,《ブースト》　アップリケ,《希望ノ人》アップリケ
94,《貪る翼人》　プテプテ,3,,0,0,,,,,,94,《ランペイジ》　プテプテ,《貪る翼人》プテプテ
95,壊撃の呪傑　ヴァルドラ,3,,0,0,,,,,,95,カイゲキノジュケツ　ヴァルドラ,壊撃の呪傑ヴァルドラ
96,千縛の鬼姫　シャルナ,3,,0,0,,,,,,96,センバクノキキ　シャルナ,千縛の鬼姫シャルナ
97,日暈隊　エンジーぬ,3,,0,0,,,,,,97,ヒガサタイ　エンジーヌ,日暈隊エンジーぬ
98,日暈隊　隊長　ティス,3,,0,0,,,,,,98,ヒガサタイ　タイチョウ　ティス,日暈隊隊長ティス
99,花咲く闇の幻術師　レイア,3,,0,0,,,,,,99,ブロッサム・ソーサレス　レイア,花咲く闇の幻術師レイア
100,宵闇の吸血鬼　エバ,3,,0,0,,,,,,100,シャドー・ヴァンパイア　エバ,宵闇の吸血鬼エバ
101,混合水晶傀儡体,3,,0,0,,,,,,101,キメラ・クリオネアス,混合水晶傀儡体
102,兎兎亭店主　雪苺,3,,0,0,,,,,,102,トゥートゥーテイテンシュ　シュエメイ,兎兎亭店主雪苺
103,待ち霊,3,,0,0,,,,,,103,マチビト,待ち霊
104,災禍の追跡者　ロマ・キュラー,3,,0,0,,,,,,104,サイカノツイセキシャ　ロマ・キュラー,災禍の追跡者ロマ・キュラー
105,ウノ△キリマンジャロ,3,,0,0,,,,,,105,ウノ△キリマンジャロ,ウノ△キリマンジャロ
106,「連鎖」シュプルゥ（+ガマチー）,3,,0,0,,,,,,106,「チェイン」シュプルゥ（+ガマチー）,「連鎖」シュプルゥ（+ガマチー）
107,《永遠の管理者》∞ウマーマ・ハート,3,,0,0,,,,,,107,《エイエンノカンリシャ》インフィニピーウマーマ・ハート,《永遠の管理者》∞ウマーマ・ハート
108,†暗黒深淵惑星†,3,,0,0,,,,,,108,†ダーク・アンダー・スター†,†暗黒深淵惑星†
109,||:機械仕掛けのアペルD.C.,3,,0,0,,,,,,109,キカイジカケノアぺㇽダ・カーポ,||:機械仕掛けのアペルD.C.
110,真愛しや、ディスコード。,3,,0,0,,,,,,110,マカナシヤ、ディスコード。,真愛しや、ディスコード。
111,Archivist　ケヒトスコネ,3,,0,0,,,,,,111,アーキビスト　ケヒトスコネ,Archivistケヒトスコネ
112,ジャスタ・ル・ダルラ,3,,0,0,,,,,,112,ジャスタ・ル・ダルラ,ジャスタ・ル・ダルラ
113,不滅なる守護者　ディアンナ,3,,0,0,,,,,,113,フメツナルシュゴシャ　ディアンナ,不滅なる守護者ディアンナ
114,"虚無指す方舟の羅針盤
ーTreasure of Travelerー",3,,0,0,,,,,,114,キョムサスハコブネノラシンバン ートレジャーオブトラベラーー,虚無指す方舟の羅針盤ーTreasureofTravelerー
115,女王,1プロモ,,0,0,,,,,,115,ジョオウ,女王
116,欲望の魔法　キティ,INSTANT_TACTICS,,0,0,,,,,,116,ヨクボウノマホウ　キティ,欲望の魔法キティ
117,絆の魔法　モモ,INSTANT_TACTICS,,0,0,,,,,,117,キズナノマホウ　モモ,絆の魔法モモ
118,慈愛の魔法　オービー,INSTANT_TACTICS,,0,0,,,,,,118,ジアイノマホウ　オービー,慈愛の魔法オービー
119,創造の魔法　ネル,INSTANT_TACTICS,,0,0,,,,,,119,ソウゾウノマホウ　ネル,創造の魔法ネル
120,突撃槍騎兵　オリオン,INSTANT_TACTICS,,0,0,,,,,,120,トツゲキソウキヘイ　オリオン,突撃槍騎兵オリオン
121,支援弓兵　コール,INSTANT_TACTICS,,0,0,,,,,,121,シエンキュウヘイ　コール,支援弓兵コール
122,物資運搬長　パロマ・グレート,INSTANT_TACTICS,,0,0,,,,,,122,ブッシウンパンチョウ　パロマ・グレート,物資運搬長パロマ・グレート
123,先鋒探求騎士大隊長　ラティル・ディギンス,INSTANT_TACTICS,,0,0,,,,,,123,センホウタンキュウキシダイタイチョウ　ラティル・ディギンス,先鋒探求騎士大隊長ラティル・ディギンス
124,恥龍　べヘナ,INSTANT_TACTICS,,0,0,,,,,,124,チリュウ　ベヘナ,恥龍べヘナ
125,業龍　ザロー,INSTANT_TACTICS,,0,0,,,,,,125,ゴウリュウ　ザロー,業龍ザロー
126,慈龍　イムァス,INSTANT_TACTICS,,0,0,,,,,,126,ジリュウ　イムァス,慈龍イムァス
127,渇龍　ボネロ・サーダガ,INSTANT_TACTICS,,0,0,,,,,,127,カツリュウ　ボネロ・サーダガ,渇龍ボネロ・サーダガ
128,未来視の妖精　フォルテ,INSTANT_TACTICS,,0,0,,,,,,128,ミライシノヨウセイ　フォルテ,未来視の妖精フォルテ
129,過去視の妖精　アルド,INSTANT_TACTICS,,0,0,,,,,,129,カコシノヨウセイ　アルド,過去視の妖精アルド
130,毒石研究者　イブ,INSTANT_TACTICS,,0,0,,,,,,130,ドクセキケンキュウシャ　イブ,毒石研究者イブ
131,探求の妖精　メリア,INSTANT_TACTICS,,0,0,,,,,,131,タンキュウノヨウセイ　メリア,探求の妖精メリア
132,ラヴァーズ,INSTANT_TACTICS,,0,0,,,,,,132,ラヴァーズ,ラヴァーズ
133,ヴァナンス,INSTANT_TACTICS,,0,0,,,,,,133,ヴァナンス,ヴァナンス
134,フェイト,INSTANT_TACTICS,,0,0,,,,,,134,フェイト,フェイト
135,イルタム,INSTANT_TACTICS,,0,0,,,,,,135,イルタム,イルタム
136,虚空の艦長　ベルノート,INSTANT_TACTICS,,0,0,,,,,,136,コクウウノカンチョウ　ベルノート,虚空の艦長ベルノート
137,機甲工兵　P-66,INSTANT_TACTICS,,0,0,,,,,,137,キコウコウヘイ　P-66　ピーロクジュウロク,機甲工兵P-66
138,スゴうで整備士！　パルネ・プラン,INSTANT_TACTICS,,0,0,,,,,,138,スゴウデセイビシ！　パルネ・プラン,スゴうで整備士！パルネ・プラン